{"blte8456ac68ce9a2ab":{"title":"Homepage","url":"/","hero_banner":[{"banner_image":{"uid":"blt8fe62fe4510f3c47","created_at":"2020-07-09T15:28:06.326Z","updated_at":"2020-07-09T15:28:06.326Z","created_by":"blt161e02c9fffa78f6","updated_by":"blt161e02c9fffa78f6","content_type":"image/jpeg","file_size":"46394","tags":[],"filename":"training-learning-digital-transformation.jpg","url":"https://images.contentstack.io/v3/assets/bltc7cc491a4ea85ec2/blt8fe62fe4510f3c47/5f073786f6004a6d1d27bfbe/training-learning-digital-transformation.jpg","ACL":[],"is_dir":false,"_version":1,"title":"training-learning-digital-transformation.jpg","publish_details":[{"environment":"bltf0091c1467450c2b","locale":"en-us","time":"2020-07-09T15:28:16.085Z","user":"blt161e02c9fffa78f6","version":1},{"environment":"blt545a9bf01a67f1bb","locale":"en-us","time":"2020-07-09T15:28:16.085Z","user":"blt161e02c9fffa78f6","version":1}]},"_metadata":{"uid":"csc83511f3f0328d6e"},"title":"Variation 1","description":"Content creation and distribution with personalization can create an iconic digital experience.","cta":{"title":"Buy Now","href":"/"}},{"banner_image":{"uid":"blt632cbdbd62655971","created_at":"2020-07-02T12:10:23.787Z","updated_at":"2020-07-02T12:10:23.787Z","created_by":"blt161e02c9fffa78f6","updated_by":"blt161e02c9fffa78f6","content_type":"image/png","file_size":"660714","tags":[],"filename":"banner-main.png","url":"https://images.contentstack.io/v3/assets/bltc7cc491a4ea85ec2/blt632cbdbd62655971/5efdceaffe91545ec1f0fae4/banner-main.png","ACL":[],"is_dir":false,"parent_uid":null,"_version":1,"title":"banner-main.png","publish_details":[{"environment":"bltf0091c1467450c2b","locale":"en-us","time":"2020-07-02T12:10:54.159Z","user":"blt161e02c9fffa78f6","version":1},{"environment":"blt545a9bf01a67f1bb","locale":"en-us","time":"2020-07-08T12:11:50.940Z","user":"blt161e02c9fffa78f6","version":1}]},"_metadata":{"uid":"cs3807ddcbb32dc541"},"title":"Variation 2","description":"if the experience is poor, it may result in becoming an obstacle to your customers' digital journey.","cta":{"title":"Buy Now","href":"/"}},{"banner_image":{"uid":"blt6044aeea57404125","created_at":"2020-07-09T15:25:09.069Z","updated_at":"2020-07-09T15:25:09.069Z","created_by":"blt161e02c9fffa78f6","updated_by":"blt161e02c9fffa78f6","content_type":"image/jpeg","file_size":"127739","tags":[],"filename":"digital-marketing-vs-digital-advertising.jpg","url":"https://images.contentstack.io/v3/assets/bltc7cc491a4ea85ec2/blt6044aeea57404125/5f0736d525b6aa6efeb894db/digital-marketing-vs-digital-advertising.jpg","ACL":[],"is_dir":false,"parent_uid":null,"_version":1,"title":"digital-marketing-vs-digital-advertising.jpg","publish_details":[{"environment":"bltf0091c1467450c2b","locale":"en-us","time":"2020-07-09T15:27:00.150Z","user":"blt161e02c9fffa78f6","version":1},{"environment":"blt545a9bf01a67f1bb","locale":"en-us","time":"2020-07-09T15:27:00.150Z","user":"blt161e02c9fffa78f6","version":1}]},"_metadata":{"uid":"cs79daf2e432a6eb34"},"title":"Variation 3","description":"We are an industry-leading cloud platform, delivering a better way for developers and marketers to manage content.","cta":{"title":"Buy now","href":"#"}}],"tags":[],"locale":"en-us","ACL":{},"uid":"blte8456ac68ce9a2ab","_version":9,"_in_progress":false,"publish_details":[{"environment":"bltf0091c1467450c2b","locale":"en-us","time":"2020-10-27T17:05:39.324Z","user":"blt1e6dead9f06f1560","version":9}]}}