[{"stackHeaders":{"api_key":"bltc7cc491a4ea85ec2","authorization":"csa70ba69412dcda7daa23ee5f"},"urlPath":"/assets/bltf70b08d8eaab08a2","uid":"bltf70b08d8eaab08a2","content_type":"image/png","file_size":"2125","tags":[],"filename":"logo.png","url":"https://images.contentstack.io/v3/assets/bltc7cc491a4ea85ec2/bltf70b08d8eaab08a2/5efdcfb35f45df3dced37acc/logo.png","ACL":{},"is_dir":false,"parent_uid":null,"_version":1,"title":"logo.png","publish_details":[{"environment":"bltf0091c1467450c2b","locale":"en-us","time":"2020-07-02T12:20:49.565Z","user":"blt161e02c9fffa78f6","version":1},{"environment":"blt545a9bf01a67f1bb","locale":"en-us","time":"2020-07-08T12:11:32.844Z","user":"blt161e02c9fffa78f6","version":1}]}]