[{"stackHeaders":{"api_key":"bltc7cc491a4ea85ec2","authorization":"csa70ba69412dcda7daa23ee5f"},"urlPath":"/assets/blt8fe62fe4510f3c47","uid":"blt8fe62fe4510f3c47","content_type":"image/jpeg","file_size":"46394","tags":[],"filename":"training-learning-digital-transformation.jpg","url":"https://images.contentstack.io/v3/assets/bltc7cc491a4ea85ec2/blt8fe62fe4510f3c47/5f073786f6004a6d1d27bfbe/training-learning-digital-transformation.jpg","ACL":{},"is_dir":false,"_version":1,"title":"training-learning-digital-transformation.jpg","publish_details":[{"environment":"blt545a9bf01a67f1bb","locale":"en-us","time":"2020-07-09T15:28:16.085Z","user":"blt161e02c9fffa78f6","version":1},{"environment":"bltf0091c1467450c2b","locale":"en-us","time":"2020-07-09T15:28:16.085Z","user":"blt161e02c9fffa78f6","version":1}]}]