[{"stackHeaders":{"api_key":"bltc7cc491a4ea85ec2","authorization":"csa70ba69412dcda7daa23ee5f"},"urlPath":"/assets/blt632cbdbd62655971","uid":"blt632cbdbd62655971","content_type":"image/png","file_size":"660714","tags":[],"filename":"banner-main.png","url":"https://images.contentstack.io/v3/assets/bltc7cc491a4ea85ec2/blt632cbdbd62655971/5efdceaffe91545ec1f0fae4/banner-main.png","ACL":{},"is_dir":false,"parent_uid":null,"_version":1,"title":"banner-main.png","publish_details":[{"environment":"bltf0091c1467450c2b","locale":"en-us","time":"2020-07-02T12:10:54.159Z","user":"blt161e02c9fffa78f6","version":1},{"environment":"blt545a9bf01a67f1bb","locale":"en-us","time":"2020-07-08T12:11:50.940Z","user":"blt161e02c9fffa78f6","version":1}]}]