{"bltc9abfa492399dc6e":{"stackHeaders":{"api_key":"bltc7cc491a4ea85ec2","authorization":"csa70ba69412dcda7daa23ee5f"},"urlPath":"/assets/bltc9abfa492399dc6e","uid":"bltc9abfa492399dc6e","content_type":"image/png","file_size":"1860","tags":[],"filename":"logo-hover.png","url":"https://images.contentstack.io/v3/assets/bltc7cc491a4ea85ec2/bltc9abfa492399dc6e/5efdcfbad2fb455a57a28184/logo-hover.png","ACL":{"roles":[],"others":{"read":false,"create":false,"update":false,"delete":false,"sub_acl":{"read":false,"create":false,"update":false,"delete":false,"publish":false}}},"is_dir":false,"parent_uid":null,"_version":1,"title":"logo-hover.png","publish_details":[{"environment":"bltf0091c1467450c2b","locale":"en-us","time":"2020-07-02T12:20:49.565Z","user":"blt161e02c9fffa78f6","version":1},{"environment":"blt545a9bf01a67f1bb","locale":"en-us","time":"2020-07-08T12:11:32.844Z","user":"blt161e02c9fffa78f6","version":1}]},"bltf70b08d8eaab08a2":{"stackHeaders":{"api_key":"bltc7cc491a4ea85ec2","authorization":"csa70ba69412dcda7daa23ee5f"},"urlPath":"/assets/bltf70b08d8eaab08a2","uid":"bltf70b08d8eaab08a2","content_type":"image/png","file_size":"2125","tags":[],"filename":"logo.png","url":"https://images.contentstack.io/v3/assets/bltc7cc491a4ea85ec2/bltf70b08d8eaab08a2/5efdcfb35f45df3dced37acc/logo.png","ACL":{"roles":[],"others":{"read":false,"create":false,"update":false,"delete":false,"sub_acl":{"read":false,"create":false,"update":false,"delete":false,"publish":false}}},"is_dir":false,"parent_uid":null,"_version":1,"title":"logo.png","publish_details":[{"environment":"bltf0091c1467450c2b","locale":"en-us","time":"2020-07-02T12:20:49.565Z","user":"blt161e02c9fffa78f6","version":1},{"environment":"blt545a9bf01a67f1bb","locale":"en-us","time":"2020-07-08T12:11:32.844Z","user":"blt161e02c9fffa78f6","version":1}]},"blt6044aeea57404125":{"stackHeaders":{"api_key":"bltc7cc491a4ea85ec2","authorization":"csa70ba69412dcda7daa23ee5f"},"urlPath":"/assets/blt6044aeea57404125","uid":"blt6044aeea57404125","content_type":"image/jpeg","file_size":"127739","tags":[],"filename":"digital-marketing-vs-digital-advertising.jpg","url":"https://images.contentstack.io/v3/assets/bltc7cc491a4ea85ec2/blt6044aeea57404125/5f0736d525b6aa6efeb894db/digital-marketing-vs-digital-advertising.jpg","ACL":{"roles":[],"others":{"read":false,"create":false,"update":false,"delete":false,"sub_acl":{"read":false,"create":false,"update":false,"delete":false,"publish":false}}},"is_dir":false,"parent_uid":null,"_version":1,"title":"digital-marketing-vs-digital-advertising.jpg","publish_details":[{"environment":"bltf0091c1467450c2b","locale":"en-us","time":"2020-07-09T15:27:00.150Z","user":"blt161e02c9fffa78f6","version":1},{"environment":"blt545a9bf01a67f1bb","locale":"en-us","time":"2020-07-09T15:27:00.150Z","user":"blt161e02c9fffa78f6","version":1}]},"blt8fe62fe4510f3c47":{"stackHeaders":{"api_key":"bltc7cc491a4ea85ec2","authorization":"csa70ba69412dcda7daa23ee5f"},"urlPath":"/assets/blt8fe62fe4510f3c47","uid":"blt8fe62fe4510f3c47","content_type":"image/jpeg","file_size":"46394","tags":[],"filename":"training-learning-digital-transformation.jpg","url":"https://images.contentstack.io/v3/assets/bltc7cc491a4ea85ec2/blt8fe62fe4510f3c47/5f073786f6004a6d1d27bfbe/training-learning-digital-transformation.jpg","ACL":{"roles":[],"others":{"read":false,"create":false,"update":false,"delete":false,"sub_acl":{"read":false,"create":false,"update":false,"delete":false,"publish":false}}},"is_dir":false,"_version":1,"title":"training-learning-digital-transformation.jpg","publish_details":[{"environment":"bltf0091c1467450c2b","locale":"en-us","time":"2020-07-09T15:28:16.085Z","user":"blt161e02c9fffa78f6","version":1},{"environment":"blt545a9bf01a67f1bb","locale":"en-us","time":"2020-07-09T15:28:16.085Z","user":"blt161e02c9fffa78f6","version":1}]},"blt632cbdbd62655971":{"stackHeaders":{"api_key":"bltc7cc491a4ea85ec2","authorization":"csa70ba69412dcda7daa23ee5f"},"urlPath":"/assets/blt632cbdbd62655971","uid":"blt632cbdbd62655971","content_type":"image/png","file_size":"660714","tags":[],"filename":"banner-main.png","url":"https://images.contentstack.io/v3/assets/bltc7cc491a4ea85ec2/blt632cbdbd62655971/5efdceaffe91545ec1f0fae4/banner-main.png","ACL":{"roles":[],"others":{"read":false,"create":false,"update":false,"delete":false,"sub_acl":{"read":false,"create":false,"update":false,"delete":false,"publish":false}}},"is_dir":false,"parent_uid":null,"_version":1,"title":"banner-main.png","publish_details":[{"environment":"bltf0091c1467450c2b","locale":"en-us","time":"2020-07-02T12:10:54.159Z","user":"blt161e02c9fffa78f6","version":1},{"environment":"blt545a9bf01a67f1bb","locale":"en-us","time":"2020-07-08T12:11:50.940Z","user":"blt161e02c9fffa78f6","version":1}]}}