{"blt379d51833fcec42e":{"title":"Header","logo":{"image":{"uid":"bltf70b08d8eaab08a2","created_at":"2020-07-02T12:14:43.806Z","updated_at":"2020-07-02T12:14:43.806Z","created_by":"blt161e02c9fffa78f6","updated_by":"blt161e02c9fffa78f6","content_type":"image/png","file_size":"2125","tags":[],"filename":"logo.png","url":"https://images.contentstack.io/v3/assets/bltc7cc491a4ea85ec2/bltf70b08d8eaab08a2/5efdcfb35f45df3dced37acc/logo.png","ACL":[],"is_dir":false,"parent_uid":null,"_version":1,"title":"logo.png","publish_details":[{"environment":"bltf0091c1467450c2b","locale":"en-us","time":"2020-07-02T12:20:49.565Z","user":"blt161e02c9fffa78f6","version":1},{"environment":"blt545a9bf01a67f1bb","locale":"en-us","time":"2020-07-08T12:11:32.844Z","user":"blt161e02c9fffa78f6","version":1}]},"color_image":{"uid":"bltc9abfa492399dc6e","created_at":"2020-07-02T12:14:50.697Z","updated_at":"2020-07-02T12:14:50.697Z","created_by":"blt161e02c9fffa78f6","updated_by":"blt161e02c9fffa78f6","content_type":"image/png","file_size":"1860","tags":[],"filename":"logo-hover.png","url":"https://images.contentstack.io/v3/assets/bltc7cc491a4ea85ec2/bltc9abfa492399dc6e/5efdcfbad2fb455a57a28184/logo-hover.png","ACL":[],"is_dir":false,"parent_uid":null,"_version":1,"title":"logo-hover.png","publish_details":[{"environment":"bltf0091c1467450c2b","locale":"en-us","time":"2020-07-02T12:20:49.565Z","user":"blt161e02c9fffa78f6","version":1},{"environment":"blt545a9bf01a67f1bb","locale":"en-us","time":"2020-07-08T12:11:32.844Z","user":"blt161e02c9fffa78f6","version":1}]},"link":{"title":"Home","href":"/"}},"navigation_section":{"navigation_bar":[{"title":"Home","link":"/","sub_navigation":[]},{"title":"Features","link":"/features","sub_navigation":[]},{"title":"About","link":"/about","sub_navigation":[]},{"title":"Product","link":"/product","sub_navigation":[]},{"title":"Blog","link":"/blog","sub_navigation":[]}]},"cta":[{"title":"Sign Up","link":"/","open_in_new_tab":false},{"title":"Login","link":"/","open_in_new_tab":false}],"tags":[],"locale":"en-us","uid":"blt379d51833fcec42e","ACL":{},"_version":3,"publish_details":[{"environment":"blt545a9bf01a67f1bb","locale":"en-us","time":"2020-07-08T12:11:32.844Z","user":"blt161e02c9fffa78f6","version":3},{"environment":"bltf0091c1467450c2b","locale":"en-us","time":"2020-10-19T06:52:57.398Z","user":"blt161e02c9fffa78f6","version":3}]}}