{"blt6385361bcd63b561":{"title":"Footer","footer_section":{"footer_menu":[{"title":"Marketing in social","footer_content":"<p><a href=\"https://app.contentstack.com/#\">Facebook</a></p>\n<p><a href=\"https://app.contentstack.com/#\">Twitter</a></p>"},{"title":"Contact Info","footer_content":"<p>Marketing Plaza<br>San Francisco, CA</p>\n<p><a href=\"tel:+1.000.000.0000\">Phone: +1.000.000.0000</a></p>\n<p><a href=\"mailto:info@marketing.com\">info@marketing.com</a></p>"},{"title":"About Marketing","footer_content":"<p>Marketing - awesome multifunctional landing page. Increase your conversion rate. Increase your gain</p>"}]},"copy_rights":"<p>info@marketing.com | Copyright © 2007-2016 Built.io. All Rights Reserved.</p>","tags":[],"locale":"en-us","uid":"blt6385361bcd63b561","ACL":{},"_version":2,"publish_details":[{"environment":"blt545a9bf01a67f1bb","locale":"en-us","time":"2020-07-08T12:11:19.271Z","user":"blt161e02c9fffa78f6","version":2},{"environment":"bltf0091c1467450c2b","locale":"en-us","time":"2020-10-19T06:52:48.720Z","user":"blt161e02c9fffa78f6","version":2}]}}