[{"stackHeaders":{"api_key":"bltc7cc491a4ea85ec2","authorization":"csa70ba69412dcda7daa23ee5f"},"urlPath":"/assets/blt6044aeea57404125","uid":"blt6044aeea57404125","content_type":"image/jpeg","file_size":"127739","tags":[],"filename":"digital-marketing-vs-digital-advertising.jpg","url":"https://images.contentstack.io/v3/assets/bltc7cc491a4ea85ec2/blt6044aeea57404125/5f0736d525b6aa6efeb894db/digital-marketing-vs-digital-advertising.jpg","ACL":{},"is_dir":false,"parent_uid":null,"_version":1,"title":"digital-marketing-vs-digital-advertising.jpg","publish_details":[{"environment":"blt545a9bf01a67f1bb","locale":"en-us","time":"2020-07-09T15:27:00.150Z","user":"blt161e02c9fffa78f6","version":1},{"environment":"bltf0091c1467450c2b","locale":"en-us","time":"2020-07-09T15:27:00.150Z","user":"blt161e02c9fffa78f6","version":1}]}]